{
    "scope_1": {
        "mean_rmse": 109983.43719312672,
        "std_rmse": 17577.51877898782
    },
    "scope_2": {
        "mean_rmse": 157486.56501880023,
        "std_rmse": 85653.98664337145
    }
}