{
    "scope_1": {
        "mean_rmse": 4653074.3799542105,
        "std_rmse": 8940166.834204726
    },
    "scope_2": {
        "mean_rmse": 3644124.4867017567,
        "std_rmse": 6735946.9740864
    }
}