{
    "scope_1": {
        "mean_rmse": 112325.65123663543,
        "std_rmse": 16071.341687558717
    },
    "scope_2": {
        "mean_rmse": 157404.553463799,
        "std_rmse": 88149.02101803782
    }
}