{
    "scope_1": {
        "mean_rmse": 118353.67594521679,
        "std_rmse": 19660.524571423808
    },
    "scope_2": {
        "mean_rmse": 162185.76172557048,
        "std_rmse": 87940.41201991885
    }
}