{
    "scope_1": {
        "mean_rmse": 109481.9734958142,
        "std_rmse": 15681.789658068403
    },
    "scope_2": {
        "mean_rmse": 156849.32538233598,
        "std_rmse": 85856.69186522656
    }
}