{
    "scope_1": {
        "mean_rmse": 109983.43719312672,
        "std_rmse": 17577.518778987815
    },
    "scope_2": {
        "mean_rmse": 157486.56501880023,
        "std_rmse": 85653.98664337146
    }
}