{
    "scope_1": {
        "mean_rmse": 114592.9419605715,
        "std_rmse": 15594.708080701483
    },
    "scope_2": {
        "mean_rmse": 157668.9356297537,
        "std_rmse": 88399.81102307735
    }
}