{
    "scope_1": {
        "mean_rmse": 111933.48630714035,
        "std_rmse": 14833.272836883718
    },
    "scope_2": {
        "mean_rmse": 157416.89496068185,
        "std_rmse": 80047.34501373832
    }
}