{
    "scope_1": {
        "mean_rmse": 106867.53319647166,
        "std_rmse": 18236.571963610786
    },
    "scope_2": {
        "mean_rmse": 158754.32946231737,
        "std_rmse": 70798.80010679801
    }
}